<?xml version="1.0" encoding="UTF-8"?>
<!DOCTYPE suite SYSTEM "https://testng.org/testng-1.0.dtd">
<suite name="Suite" parallel="none">
  
<test name="chromeTest" junit="true">
    <parameter name="browser" value="chrome"/>
    <classes>
      <class name="com.qualitypointtech.stepdefinations.Runner"/>
    </classes>
</test> 

<test name="firefoxTest" junit="true">
    <parameter name="browser" value="chrome"/>
    <classes>
      <class name="com.qualitypointtech.stepdefinations.Runner"/>
    </classes>
</test>


</suite> 
